{
  "model": {
    "macro_f1": 1.0,
    "weighted_f1": 1.0,
    "accuracy": 1.0
  },
  "baseline": {
    "macro_f1": 0.047619047619047616,
    "weighted_f1": 0.047619047619047616,
    "accuracy": 0.16666666666666666
  },
  "split_method": "chronological",
  "rows": {
    "train": 42,
    "validation": 9,
    "test": 9
  }
}